video_name,manual_events,matched_events,missed_events,match_rate
TVSUM_10,7,3,4,0.42857142857142855
TVSUM_11,11,5,6,0.45454545454545453
TVSUM_12,10,4,6,0.4
TVSUM_9,11,7,4,0.6363636363636364
