model_name,failed_predictions,mean_failed_iou,mean_failed_semantic_similarity,mean_failed_confidence
CG-DETR,57,0.012835346563129135,0.5499270411959866,0.9991649122807017
Moment-DETR,62,0.005009992351973489,0.543462029387874,0.9993725806451613
