model_name,failed_predictions,mean_failed_iou,mean_failed_semantic_similarity,mean_failed_confidence
CG-DETR,65,0.0013294046601020773,0.46298489433068496,0.9939061538461538
Moment-DETR,66,0.011438855506758182,0.4577143300663341,0.9971166666666668
