model_name,num_predictions,mean_iou,median_iou,max_iou,min_iou,mean_confidence,mean_semantic_similarity
CG-DETR,68,0.03548745704979381,0.0,0.9028336192988302,0.0,0.9937338235294116,0.4567322091144674
Moment-DETR,68,0.027918920564233604,0.0,0.8188431697084005,0.0,0.997135294117647,0.4567322091144674
