model_name,num_predictions,mean_iou,median_iou,max_iou,min_iou,mean_confidence,mean_semantic_similarity
CG-DETR,62,0.06950612277420662,0.0,0.9702573056964319,0.0,0.999091935483871,0.5434620289071914
Moment-DETR,62,0.005009992351973489,0.0,0.1416672642524201,0.0,0.9993725806451613,0.543462029387874
