model_name,num_predictions,mean_iou,median_iou,max_iou,min_iou,mean_confidence,mean_semantic_similarity
CG-DETR,68,0.027307915840739497,0.0,0.868235560190479,0.0,0.9980264705882353,0.4567322091144674
CLIP-baseline,68,0.06106854506508486,0.0,0.7142857142857143,0.0,0.33014647531158786,0.4567322091144674
