model_name,video_name,num_predictions,mean_iou,median_iou,mean_confidence,mean_semantic_similarity
CG-DETR,TVSUM_10,16,0.0,0.0,0.99758125,0.4452521912753582
CG-DETR,TVSUM_11,17,0.007086303340548697,0.010871006807424463,0.9971117647058824,0.5330316143877366
CG-DETR,TVSUM_12,17,0.0,0.0,0.9993941176470588,0.347216958508772
CG-DETR,TVSUM_9,18,0.09647061779894212,0.0,0.9979944444444444,0.4983071900076336
CLIP-baseline,TVSUM_10,16,0.011029411764705883,0.0,0.3458242919296026,0.4452521912753582
CLIP-baseline,TVSUM_11,17,0.04901960784313725,0.0,0.32924054124776053,0.5330316143877366
CLIP-baseline,TVSUM_12,17,0.16806722689075632,0.0,0.3204838037490845,0.347216958508772
CLIP-baseline,TVSUM_9,18,0.015873015873015872,0.0,0.32619209918710923,0.4983071900076336
