model_name,video_name,num_predictions,mean_iou,median_iou,mean_confidence,mean_semantic_similarity
CG-DETR,TVSUM_10,9,0.264241945658777,0.0,0.9991777777777777,0.5107720096906027
CG-DETR,TVSUM_11,17,0.030128846910545515,0.0,0.9986764705882353,0.7222190008443945
CG-DETR,TVSUM_12,18,0.04064526411657559,0.0,0.9994555555555557,0.3969959004057778
CG-DETR,TVSUM_9,18,0.03818871941634349,0.0,0.9990777777777777,0.5374471379650964
Moment-DETR,TVSUM_10,9,0.020140785200662537,0.0,0.9998888888888889,0.5107720130019717
Moment-DETR,TVSUM_11,17,0.0,0.0,0.9986705882352941,0.7222190008443945
Moment-DETR,TVSUM_12,18,0.0071862477231329725,0.0,0.999511111111111,0.3969959004057778
Moment-DETR,TVSUM_9,18,0.0,0.0,0.999638888888889,0.5374471379650964
